File,N.Sentences,N.words,N.syllables,Words.Per.Sentence,Syllables.Per.Word,Grade.Score
5.txt,45,404,619,8.978,1.532,5.991
20.txt,53,926,1558,17.472,1.683,11.078
26.txt,52,718,1035,13.808,1.442,6.805
98.txt,75,1232,1988,16.427,1.614,9.857
135.txt,34,764,1366,22.471,1.788,14.271
140.txt,70,1299,2108,18.557,1.623,10.796
199.txt,49,1065,2055,21.735,1.93,15.656
209.txt,50,825,1305,16.5,1.582,9.51
233.txt,31,247,355,7.968,1.437,4.477
242.txt,56,377,529,6.732,1.403,3.593
271.txt,53,610,861,11.509,1.411,5.554
284.txt,61,961,1497,15.754,1.558,8.936
290.txt,38,302,421,7.947,1.394,3.959
308.txt,57,676,1007,11.86,1.49,6.613
322.txt,31,579,931,18.677,1.608,10.668
331.txt,43,879,1530,20.442,1.741,12.922
351.txt,33,289,420,8.758,1.453,4.974
361.txt,34,728,1189,21.412,1.633,12.033
372.txt,59,581,828,9.847,1.425,5.067
378.txt,48,759,1306,15.812,1.721,10.881
381.txt,43,563,851,13.093,1.512,7.353
385.txt,52,573,865,11.019,1.51,6.521
401.txt,56,651,1018,11.625,1.564,7.396
432.txt,54,652,1044,12.074,1.601,8.013
437.txt,59,913,1515,15.475,1.659,10.026
455.txt,53,645,906,12.17,1.405,5.731
460.txt,55,461,715,8.382,1.551,5.98
498.txt,40,906,1566,22.65,1.728,13.64
519.txt,48,390,592,8.125,1.518,5.491
529.txt,62,716,1146,11.548,1.601,7.8
537.txt,56,759,1302,13.554,1.715,9.938
563.txt,37,646,1111,17.459,1.72,11.513
569.txt,57,553,900,9.702,1.627,7.398
613.txt,47,665,1023,14.149,1.538,8.081
655.txt,52,973,1636,18.712,1.681,11.548
677.txt,35,901,1551,25.743,1.721,14.762
714.txt,49,497,790,10.143,1.59,7.122
729.txt,64,1159,1946,18.109,1.679,11.285
748.txt,43,408,667,9.488,1.635,7.401
760.txt,39,754,1223,19.333,1.622,11.09
775.txt,42,406,596,9.667,1.468,5.502
779.txt,44,531,869,12.068,1.637,8.428
783.txt,46,507,726,11.022,1.432,5.606
793.txt,40,391,645,9.775,1.65,7.688
794.txt,50,772,1361,15.44,1.763,11.234
797.txt,45,637,970,14.156,1.523,7.899
863.txt,67,1028,1746,15.343,1.698,10.436
864.txt,73,1086,1829,14.877,1.684,10.085
879.txt,83,1581,2658,19.048,1.681,11.677
887.txt,41,772,1236,18.829,1.601,10.646
935.txt,48,437,587,9.104,1.343,3.811
974.txt,35,848,1371,24.229,1.617,12.937
975.txt,51,835,1323,16.373,1.584,9.492
976.txt,44,390,586,8.864,1.503,5.597
978.txt,60,745,1056,12.417,1.417,5.978
981.txt,68,948,1376,13.941,1.451,6.974
1002.txt,52,685,1134,13.173,1.655,9.082
1008.txt,42,722,1090,17.19,1.51,8.929
1010.txt,44,888,1384,20.182,1.559,10.672
1012.txt,34,266,366,7.824,1.376,3.697
1028.txt,86,1513,2384,17.593,1.576,9.864
1048.txt,54,927,1518,17.167,1.638,10.428
1075.txt,46,770,1111,16.739,1.443,7.964
1079.txt,49,399,598,8.143,1.499,5.271
1094.txt,58,967,1642,16.672,1.698,10.949
1099.txt,66,834,1397,12.636,1.675,9.104
1105.txt,49,651,924,13.286,1.419,6.34
1108.txt,40,772,1263,19.3,1.636,11.242
1117.txt,36,319,493,8.861,1.545,6.102
1151.txt,45,411,590,9.133,1.436,4.911
1186.txt,46,531,822,11.543,1.548,7.179
1188.txt,48,514,794,10.708,1.545,6.814
1193.txt,40,757,1312,18.925,1.733,12.242
1197.txt,49,657,1232,13.408,1.875,11.766
1216.txt,43,437,653,10.163,1.494,6.006
1222.txt,64,598,986,9.344,1.649,7.51
1230.txt,61,919,1508,15.066,1.641,9.648
1248.txt,42,712,1170,16.952,1.643,10.412
1250.txt,61,603,940,9.885,1.559,6.66
1252.txt,52,499,795,9.596,1.593,6.952
1270.txt,83,970,1734,11.687,1.788,10.062
1300.txt,61,835,1327,13.689,1.589,8.501
1311.txt,63,984,1543,15.619,1.568,9.005
1326.txt,60,895,1506,14.917,1.683,10.083
1327.txt,87,1299,2211,14.931,1.702,10.318
1331.txt,67,932,1577,13.91,1.692,9.801
1333.txt,47,422,582,8.979,1.379,4.186
1340.txt,52,974,1661,18.731,1.705,11.838
1346.txt,101,1529,2641,15.139,1.727,10.696
1347.txt,42,581,1004,13.833,1.728,10.196
1421.txt,36,481,757,13.361,1.574,8.192
1422.txt,77,896,1360,11.636,1.518,6.859
1430.txt,62,668,1039,10.774,1.555,6.966
1442.txt,50,660,1022,13.2,1.548,7.83
1477.txt,57,1137,2097,19.947,1.844,13.953
1478.txt,52,890,1650,17.115,1.854,12.961
1486.txt,42,627,1023,14.929,1.632,9.485
1505.txt,52,736,1162,14.154,1.579,8.56
1506.txt,74,1151,1923,15.554,1.671,10.191
1552.txt,52,950,1476,18.269,1.554,9.868
1559.txt,63,661,940,10.492,1.422,5.283
1575.txt,49,865,1390,17.653,1.607,10.257
1596.txt,82,970,1544,11.829,1.592,7.806
1599.txt,61,638,974,10.459,1.527,6.503
1601.txt,57,949,1539,16.649,1.622,10.039
1614.txt,57,574,892,10.07,1.554,6.675
1617.txt,53,705,1156,13.302,1.64,8.946
1642.txt,46,810,1417,17.609,1.749,11.92
1666.txt,58,603,1009,10.397,1.673,8.21
1671.txt,47,855,1372,18.191,1.605,10.44
1677.txt,50,951,1737,19.02,1.826,13.38
1679.txt,63,925,1702,14.683,1.84,11.848
1686.txt,57,804,1409,14.105,1.752,10.59
1687.txt,49,863,1528,17.612,1.771,12.171
1702.txt,47,421,640,8.957,1.52,5.842
1718.txt,59,767,1334,13.0,1.739,10.003
1743.txt,49,645,1042,13.163,1.616,8.607
1750.txt,40,395,559,9.875,1.415,4.96
1784.txt,37,323,464,8.73,1.437,4.766
1788.txt,63,703,1088,11.159,1.548,7.024
1826.txt,50,764,1184,15.28,1.55,8.656
1837.txt,39,719,1278,18.436,1.777,12.574
1846.txt,41,632,987,15.415,1.562,8.85
1852.txt,58,952,1553,16.414,1.631,10.061
1854.txt,59,648,1033,10.983,1.594,7.504
1862.txt,46,445,630,9.674,1.416,4.888
1886.txt,48,454,722,9.458,1.59,6.864
1896.txt,48,527,835,10.979,1.584,7.388
1904.txt,52,740,1094,14.231,1.478,7.405
1929.txt,53,733,1180,13.83,1.61,8.8
1950.txt,44,697,1135,15.841,1.628,9.803
1954.txt,41,772,1288,18.829,1.668,11.44
1966.txt,37,468,730,12.649,1.56,7.749
2029.txt,53,396,591,7.472,1.492,4.935
2045.txt,41,682,1225,16.634,1.796,12.092
2052.txt,31,441,761,14.226,1.726,10.32
2053.txt,32,357,560,11.156,1.569,7.271
2057.txt,35,640,1099,18.286,1.717,11.804
2076.txt,114,1943,3100,17.044,1.595,9.884
2097.txt,64,1261,1949,19.703,1.546,10.332
2104.txt,57,817,1364,14.333,1.67,9.7
2131.txt,50,616,961,12.32,1.56,7.624
2137.txt,60,602,850,10.033,1.412,4.984
2157.txt,57,716,1206,12.561,1.684,9.184
2182.txt,48,318,462,6.625,1.453,4.137
2184.txt,63,1141,1747,18.111,1.531,9.54
2190.txt,54,631,988,11.685,1.566,7.443
2192.txt,60,793,1273,13.217,1.605,8.507
2249.txt,66,615,911,9.318,1.481,5.523
2322.txt,60,774,1166,12.9,1.506,7.217
2327.txt,42,618,985,14.714,1.594,8.956
2332.txt,54,962,1666,17.815,1.732,11.793
2339.txt,45,404,592,8.978,1.465,5.202
2347.txt,67,670,1056,10.0,1.576,6.908
2355.txt,58,622,1012,10.724,1.627,7.791
2372.txt,51,519,786,10.176,1.514,6.249
2412.txt,64,855,1441,13.359,1.685,9.508
2441.txt,69,744,1165,10.783,1.566,7.092
2445.txt,29,448,734,15.448,1.638,9.768
2458.txt,64,962,1544,15.031,1.605,9.211
2462.txt,49,628,995,12.816,1.584,8.104
2473.txt,58,606,930,10.448,1.535,6.594
2499.txt,58,428,659,7.379,1.54,5.457
2516.txt,53,685,1155,12.925,1.686,9.347
2564.txt,92,1159,1942,12.598,1.676,9.095
2572.txt,48,562,845,11.708,1.504,6.718
2576.txt,51,804,1245,15.765,1.549,8.831
2580.txt,56,877,1312,15.661,1.496,8.171
2593.txt,52,573,885,11.019,1.545,6.933
2596.txt,42,445,686,10.595,1.542,6.733
2626.txt,51,1025,1720,20.098,1.678,12.049
2633.txt,60,759,1243,12.65,1.638,8.668
2671.txt,67,892,1537,13.313,1.723,9.935
2672.txt,66,950,1634,14.394,1.72,10.32
2706.txt,48,678,993,14.125,1.465,7.201
2717.txt,45,752,1197,16.711,1.592,9.71
2726.txt,51,806,1382,15.804,1.715,10.806
2736.txt,124,1232,1894,9.935,1.537,6.425
2787.txt,47,611,943,13.0,1.543,7.692
2812.txt,55,723,1101,13.145,1.523,7.506
2841.txt,41,575,981,14.024,1.706,10.011
2853.txt,54,745,1147,13.796,1.54,7.958
2859.txt,37,553,912,14.946,1.649,9.699
2862.txt,78,1375,2355,17.628,1.713,11.495
2866.txt,95,1252,2070,13.179,1.653,9.059
2884.txt,59,803,1247,13.61,1.553,8.042
2894.txt,40,751,1272,18.775,1.694,11.718
2933.txt,38,577,883,15.184,1.53,8.39
2934.txt,34,628,975,18.471,1.553,9.934
2941.txt,37,552,874,14.919,1.583,8.912
2978.txt,52,572,848,11.0,1.483,6.194
2986.txt,38,348,471,9.158,1.353,3.952
3003.txt,37,680,1204,18.378,1.771,12.471
3027.txt,53,575,884,10.849,1.537,6.782
3036.txt,44,299,414,6.795,1.385,3.399
3037.txt,56,606,941,10.821,1.553,6.953
3066.txt,66,1171,2092,17.742,1.787,12.41
3072.txt,54,570,917,10.556,1.609,7.51
3127.txt,60,734,1084,12.233,1.477,6.608
3134.txt,57,834,1353,14.632,1.622,9.259
3174.txt,56,1044,1582,18.643,1.515,9.562
3185.txt,52,873,1453,16.788,1.664,10.597
3212.txt,60,874,1354,14.567,1.549,8.372
3240.txt,55,930,1573,16.909,1.691,10.963
3244.txt,46,701,1188,15.239,1.695,10.351
3282.txt,49,530,806,10.816,1.521,6.573
3295.txt,57,1170,2239,20.526,1.914,14.997
3302.txt,51,476,670,9.333,1.408,4.659
3330.txt,30,639,1014,21.3,1.587,11.442
3336.txt,58,702,1124,12.103,1.601,8.024
3353.txt,69,873,1442,12.652,1.652,8.835
3371.txt,52,1080,1889,20.769,1.749,13.149
3392.txt,39,394,576,10.103,1.462,5.601
3400.txt,28,580,914,20.714,1.576,11.084
3413.txt,48,505,815,10.521,1.614,7.557
3426.txt,29,453,759,15.621,1.675,10.273
3440.txt,63,637,909,10.111,1.427,5.192
3473.txt,56,486,787,8.679,1.619,6.903
3476.txt,56,785,1347,14.018,1.716,10.125
3491.txt,50,689,1076,13.78,1.562,8.212
3514.txt,48,425,640,8.854,1.506,5.633
3515.txt,36,1008,1635,28.0,1.622,14.47
3539.txt,48,460,648,9.583,1.409,4.77
3549.txt,63,825,1376,13.095,1.668,9.198
3567.txt,64,869,1397,13.578,1.608,8.675
3609.txt,53,627,963,11.83,1.536,7.147
3616.txt,52,767,1209,14.75,1.576,8.763
3639.txt,45,862,1455,19.156,1.688,11.798
3640.txt,50,861,1439,17.22,1.671,10.847
3646.txt,27,252,343,9.333,1.361,4.111
3666.txt,46,352,531,7.652,1.509,5.195
3689.txt,56,822,1278,14.679,1.555,8.481
3709.txt,58,922,1481,15.897,1.606,9.564
3715.txt,49,776,1342,15.837,1.729,10.993
3717.txt,64,609,952,9.516,1.563,6.567
3722.txt,47,916,1436,19.489,1.568,10.51
3727.txt,47,682,1088,14.511,1.595,8.894
3729.txt,49,612,974,12.49,1.592,8.061
3732.txt,47,621,973,13.213,1.567,8.052
3738.txt,43,933,1676,21.698,1.796,14.069
3740.txt,76,757,1216,9.961,1.606,7.249
3812.txt,35,766,1273,21.886,1.662,12.556
3815.txt,62,607,919,9.79,1.514,6.093
3826.txt,26,595,1037,22.885,1.743,13.901
3847.txt,48,518,830,10.792,1.602,7.526
3852.txt,45,434,621,9.644,1.431,5.056
3855.txt,56,617,937,11.018,1.519,6.627
3863.txt,52,738,1192,14.192,1.615,9.004
3877.txt,66,869,1515,13.167,1.743,10.117
3880.txt,66,701,1133,10.621,1.616,7.624
3890.txt,40,721,1165,18.025,1.616,10.506
3933.txt,61,679,988,11.131,1.455,5.921
3952.txt,52,656,1042,12.615,1.588,8.073
3961.txt,68,852,1421,12.529,1.668,8.977
3965.txt,69,755,1235,10.942,1.636,7.979
3974.txt,60,745,1186,12.417,1.592,8.037
4006.txt,36,630,1073,17.5,1.703,11.332
4011.txt,49,916,1527,18.694,1.667,11.372
4031.txt,35,679,1087,19.4,1.601,10.866
4049.txt,56,700,1098,12.5,1.569,7.794
4052.txt,55,821,1390,14.927,1.693,10.21
4071.txt,46,411,625,8.935,1.521,5.839
4077.txt,34,308,504,9.059,1.636,7.252
4097.txt,49,912,1571,18.612,1.723,11.995
4123.txt,41,642,1042,15.659,1.623,9.669
4126.txt,55,590,832,10.727,1.41,5.234
4134.txt,27,630,1153,23.333,1.83,15.106
4146.txt,49,987,1738,20.143,1.761,13.044
4152.txt,19,450,715,23.684,1.589,12.396
4162.txt,66,632,1038,9.576,1.642,7.525
4167.txt,56,483,740,8.625,1.532,5.852
4170.txt,52,971,1559,18.673,1.606,10.638
4200.txt,55,954,1664,17.345,1.744,11.757
4214.txt,53,813,1290,15.34,1.587,9.116
4218.txt,53,774,1081,14.604,1.397,6.586
4249.txt,39,391,586,10.026,1.499,6.005
4253.txt,55,386,599,7.018,1.552,5.458
4258.txt,44,624,876,14.182,1.404,6.506
4266.txt,62,865,1409,13.952,1.629,9.072
4273.txt,50,881,1413,17.62,1.604,10.207
4318.txt,56,609,947,10.875,1.555,7.0
4331.txt,51,604,914,11.843,1.513,6.885
4348.txt,45,459,745,10.2,1.623,7.541
4375.txt,54,650,1134,12.037,1.745,9.691
4389.txt,47,755,1152,16.064,1.526,8.68
4430.txt,75,1288,2173,17.173,1.687,11.016
4453.txt,47,577,974,12.277,1.688,9.117
4465.txt,59,946,1557,16.034,1.646,10.085
4503.txt,68,871,1377,12.809,1.581,8.061
4506.txt,51,798,1307,15.647,1.638,9.839
4517.txt,74,1384,2454,18.703,1.773,12.627
4547.txt,54,806,1462,14.926,1.814,11.635
4550.txt,48,627,1002,13.062,1.598,8.362
4557.txt,61,672,1085,11.016,1.615,7.758
4573.txt,45,446,646,9.911,1.448,5.367
4579.txt,46,408,594,8.87,1.456,5.049
4582.txt,61,1171,1795,19.197,1.533,9.985
4589.txt,44,440,648,10.0,1.473,5.688
4613.txt,90,1440,2450,16.0,1.701,10.726
4617.txt,36,748,1327,20.778,1.774,13.447
4619.txt,53,892,1492,16.83,1.673,10.711
4656.txt,55,632,1023,11.491,1.619,7.992
4671.txt,35,342,541,9.771,1.582,6.887
4676.txt,72,681,1111,9.458,1.631,7.35
4683.txt,58,1052,1860,18.138,1.768,12.347
4697.txt,76,617,979,8.118,1.587,6.299
4746.txt,38,830,1363,21.842,1.642,12.306
4752.txt,61,855,1423,14.016,1.664,9.515
4761.txt,62,916,1476,14.774,1.611,9.186
4765.txt,64,807,1247,12.609,1.545,7.561
4770.txt,56,616,886,11.0,1.438,5.672
4809.txt,43,594,994,13.814,1.673,9.544
4827.txt,45,659,979,14.644,1.486,7.651
4854.txt,67,823,1295,12.284,1.574,7.768
4886.txt,48,916,1449,19.083,1.582,10.519
4906.txt,43,393,600,9.14,1.527,5.99
4915.txt,61,1121,1805,18.377,1.61,10.577
4942.txt,52,1310,2356,25.192,1.798,15.457
4947.txt,63,683,1038,10.841,1.52,6.571
4955.txt,58,954,1358,16.448,1.423,7.622
4978.txt,56,911,1448,16.268,1.589,9.51
4979.txt,53,554,801,10.453,1.446,5.548
4980.txt,30,704,1216,23.467,1.727,13.944
5006.txt,34,698,1246,20.529,1.785,13.481
5014.txt,65,675,1010,10.385,1.496,6.116
5038.txt,55,734,1210,13.345,1.649,9.067
5047.txt,44,412,669,9.364,1.624,7.222
5048.txt,52,824,1464,15.846,1.777,11.555
5050.txt,38,933,1707,24.553,1.83,15.575
5115.txt,56,669,1066,11.946,1.593,7.871
5124.txt,58,789,1355,13.603,1.717,9.98
5143.txt,46,923,1633,20.065,1.769,13.112
5149.txt,50,628,1003,12.56,1.597,8.155
5153.txt,22,479,831,21.773,1.735,13.373
5160.txt,72,683,976,9.486,1.429,4.972
5175.txt,35,633,969,18.086,1.531,9.527
5189.txt,51,658,1066,12.902,1.62,8.558
5202.txt,46,782,1334,17.0,1.706,11.169
5224.txt,51,822,1283,16.118,1.561,9.114
5262.txt,42,569,837,13.548,1.471,7.051
5268.txt,64,736,1130,11.5,1.535,7.012
5286.txt,41,380,587,9.268,1.545,6.253
5290.txt,64,856,1431,13.375,1.672,9.353
5305.txt,68,930,1483,13.676,1.595,8.56
5311.txt,59,520,831,8.814,1.598,6.705
5338.txt,52,663,1008,12.75,1.52,7.323
5339.txt,69,1319,2192,19.116,1.662,11.475
5342.txt,53,596,918,11.245,1.54,6.971
5357.txt,51,914,1598,17.922,1.748,12.03
5368.txt,56,819,1364,14.625,1.665,9.766
5371.txt,71,648,1028,9.127,1.586,6.689
5386.txt,43,645,1140,15.0,1.767,11.116
5392.txt,56,864,1531,15.429,1.772,11.337
5406.txt,54,930,1608,17.222,1.729,11.529
5439.txt,48,915,1558,19.062,1.703,11.937
5460.txt,47,351,473,7.468,1.348,3.224
5502.txt,66,949,1627,14.379,1.714,10.248
5509.txt,36,560,879,15.556,1.57,8.998
5528.txt,45,420,599,9.333,1.426,4.879
5541.txt,46,525,861,11.413,1.64,8.213
5545.txt,50,611,901,12.22,1.475,6.576
5570.txt,41,331,485,8.073,1.465,4.849
5594.txt,72,702,1192,9.75,1.698,8.249
5600.txt,20,511,880,25.55,1.722,14.695
5618.txt,44,715,1224,16.25,1.712,10.948
5621.txt,54,853,1422,15.796,1.667,10.242
5625.txt,44,700,1022,15.909,1.46,7.843
5632.txt,52,573,865,11.019,1.51,6.521
5638.txt,24,213,299,8.875,1.404,4.436
5642.txt,50,598,887,11.96,1.483,6.577
5645.txt,44,419,619,9.523,1.477,5.556
5649.txt,55,589,866,10.709,1.47,5.936
5652.txt,37,297,479,8.027,1.613,6.572
5712.txt,45,670,1029,14.889,1.536,8.339
5713.txt,48,532,798,11.083,1.5,6.433
5715.txt,44,310,478,7.045,1.542,5.353
5717.txt,54,521,860,9.648,1.651,7.651
5730.txt,37,320,447,8.649,1.397,4.266
5734.txt,59,770,1232,13.051,1.6,8.38
5752.txt,57,670,1071,11.754,1.599,7.857
5762.txt,44,713,1171,16.205,1.642,10.11
5765.txt,43,822,1363,19.116,1.658,11.432
5808.txt,38,662,1056,17.421,1.595,10.027
5810.txt,51,719,1152,14.098,1.602,8.814
5811.txt,46,1045,1774,22.717,1.698,13.302
5825.txt,71,1053,1689,14.831,1.604,9.121
5834.txt,51,813,1368,15.941,1.683,10.482
5845.txt,46,824,1301,17.913,1.579,10.027
5861.txt,40,527,886,13.175,1.681,9.387
5905.txt,53,590,915,11.132,1.551,7.052
5913.txt,64,758,1153,11.844,1.521,6.978
5926.txt,68,632,1060,9.294,1.677,7.826
5948.txt,43,730,1180,16.977,1.616,10.105
5968.txt,63,771,1156,12.238,1.499,6.875
5969.txt,35,341,510,9.743,1.496,5.858
5999.txt,48,829,1397,17.271,1.685,11.031
6039.txt,49,532,817,10.857,1.536,6.766
6072.txt,48,405,622,8.438,1.536,5.823
6097.txt,79,1079,1749,13.658,1.621,8.864
6098.txt,58,822,1329,14.172,1.617,9.015
6101.txt,51,600,925,11.765,1.542,7.19
6111.txt,62,831,1445,13.403,1.739,10.156
6136.txt,42,621,1114,14.786,1.794,11.344
6140.txt,60,675,1052,11.25,1.559,7.188
6147.txt,73,1301,2087,17.822,1.604,10.29
6175.txt,49,947,1505,19.327,1.589,10.7
6208.txt,66,662,976,10.03,1.474,5.719
6211.txt,38,342,515,9.0,1.506,5.689
6231.txt,44,334,524,7.591,1.569,5.883
6239.txt,42,378,535,9.0,1.415,4.621
6245.txt,88,1452,2445,16.5,1.684,10.715
6280.txt,53,774,1187,14.604,1.534,8.202
6290.txt,56,943,1476,16.839,1.565,9.447
6300.txt,48,982,1695,20.458,1.726,12.756
6306.txt,49,762,1279,15.551,1.678,10.281
6369.txt,42,393,638,9.357,1.623,7.216
6417.txt,43,374,566,8.698,1.513,5.66
6418.txt,28,454,748,16.214,1.648,10.175
6423.txt,70,1062,1583,15.171,1.491,7.916
6428.txt,63,731,1128,11.603,1.543,7.144
6447.txt,40,695,1137,17.375,1.636,10.491
6453.txt,48,731,1102,15.229,1.508,8.138
6456.txt,108,1444,2498,13.37,1.73,10.037
6513.txt,51,578,799,11.333,1.382,5.142
6517.txt,57,1031,1742,18.088,1.69,11.402
6527.txt,51,871,1418,17.078,1.628,10.281
6534.txt,45,653,989,14.511,1.515,7.941
6554.txt,52,951,1594,18.288,1.676,11.321
6580.txt,60,600,856,10.0,1.427,5.145
6581.txt,62,727,1120,11.726,1.541,7.162
6594.txt,51,1051,1803,20.608,1.716,12.69
6600.txt,66,1045,1884,15.833,1.803,11.859
6604.txt,59,644,1066,10.915,1.655,8.199
6605.txt,40,383,586,9.575,1.53,6.199
6614.txt,34,573,987,16.853,1.723,11.308
6628.txt,42,506,867,12.048,1.713,9.327
6639.txt,41,400,596,9.756,1.49,5.797
6640.txt,59,992,1669,16.814,1.682,10.82
6667.txt,65,1051,1776,16.169,1.69,10.656
6682.txt,41,349,454,8.512,1.301,3.08
6685.txt,55,898,1413,16.327,1.573,9.345
6688.txt,42,455,709,10.833,1.558,7.022
6694.txt,38,602,931,15.842,1.547,8.837
6727.txt,53,676,1083,12.755,1.602,8.289
6752.txt,61,652,1009,10.689,1.548,6.84
6753.txt,55,971,1605,17.655,1.653,10.8
6761.txt,67,930,1450,13.881,1.559,8.221
6784.txt,61,674,1026,11.049,1.522,6.682
6796.txt,49,423,706,8.633,1.669,7.471
6812.txt,60,661,1008,11.017,1.525,6.701
6839.txt,60,941,1667,15.683,1.772,11.43
6889.txt,69,1381,2347,20.014,1.699,12.27
6899.txt,57,605,826,10.614,1.365,4.66
6908.txt,43,516,840,12.0,1.628,8.299
6913.txt,51,606,937,11.882,1.546,7.289
6921.txt,48,401,556,8.354,1.387,4.029
6935.txt,53,1117,1886,21.075,1.688,12.553
6940.txt,58,981,1585,16.914,1.616,10.072
6959.txt,47,370,550,7.872,1.486,5.021
7008.txt,65,743,1308,11.431,1.76,9.641
7037.txt,92,764,1248,8.304,1.634,6.924
7039.txt,49,793,1356,16.184,1.71,10.899
7054.txt,58,1122,1849,19.345,1.648,11.4
7064.txt,59,858,1344,14.542,1.566,8.565
7074.txt,32,410,603,12.812,1.471,6.762
7093.txt,31,570,874,18.387,1.533,9.674
7095.txt,45,502,756,11.156,1.506,6.531
7115.txt,68,1495,2573,21.985,1.721,13.293
7120.txt,60,880,1377,14.667,1.565,8.594
7121.txt,66,775,1187,11.742,1.532,7.063
7126.txt,47,492,799,10.468,1.624,7.656
7131.txt,67,423,650,6.313,1.537,5.005
7148.txt,45,364,519,8.089,1.426,4.389
7152.txt,52,676,1020,13.0,1.509,7.285
7156.txt,54,884,1339,16.37,1.515,8.668
7170.txt,67,1254,2193,18.716,1.749,12.345
7192.txt,59,654,940,11.085,1.437,5.693
7199.txt,55,1097,1821,19.945,1.66,11.777
7212.txt,48,506,777,10.542,1.536,6.641
7220.txt,47,948,1568,20.17,1.654,11.794
7254.txt,49,320,448,6.531,1.4,3.477
7275.txt,58,833,1276,14.362,1.532,8.087
7276.txt,56,687,1024,12.268,1.491,6.783
7279.txt,59,674,1006,11.424,1.493,6.478
7290.txt,40,661,1151,16.525,1.741,11.402
7303.txt,26,739,1243,28.423,1.682,15.343
7318.txt,42,422,597,10.048,1.415,5.022
7327.txt,43,387,569,9.0,1.47,5.269
7338.txt,51,911,1618,17.863,1.776,12.334
7339.txt,37,728,1255,19.676,1.724,12.426
7383.txt,60,406,575,6.767,1.416,3.761
7420.txt,46,690,1187,15.0,1.72,10.559
7421.txt,52,1084,1880,20.846,1.734,13.005
7441.txt,46,720,1213,15.652,1.685,10.394
7445.txt,54,699,1116,12.944,1.597,8.298
7451.txt,53,1028,1610,19.396,1.566,10.455
7456.txt,51,588,876,11.529,1.49,6.486
7460.txt,59,985,1551,16.695,1.575,9.502
7486.txt,47,709,1243,15.085,1.753,10.981
7503.txt,59,856,1409,14.508,1.646,9.491
7505.txt,51,892,1502,17.49,1.684,11.101
7523.txt,64,1334,2140,20.844,1.604,11.469
7533.txt,52,889,1437,17.096,1.616,10.151
7555.txt,47,957,1591,20.362,1.662,11.968
7564.txt,31,587,1044,18.935,1.779,12.782
7568.txt,38,642,1040,16.895,1.62,10.114
7602.txt,57,1045,1577,18.333,1.509,9.367
7604.txt,61,894,1348,14.656,1.508,7.918
7607.txt,60,713,1171,11.883,1.642,8.424
7608.txt,55,637,1032,11.582,1.62,8.044
7614.txt,45,796,1410,17.689,1.771,12.211
7631.txt,47,392,541,8.34,1.38,3.948
7642.txt,56,593,915,10.589,1.543,6.747
7647.txt,60,985,1578,16.417,1.602,9.716
7656.txt,64,645,914,10.078,1.417,5.062
7666.txt,135,1894,3000,14.03,1.584,8.572
7672.txt,49,793,1348,16.184,1.7,10.78
7679.txt,45,740,1174,16.444,1.586,9.544
7697.txt,45,761,1221,16.911,1.604,9.938
7702.txt,70,871,1543,12.443,1.772,10.167
7709.txt,33,581,977,17.606,1.682,11.119
7711.txt,74,718,1227,9.703,1.709,8.359
7748.txt,40,484,765,12.1,1.581,7.78
7760.txt,61,896,1521,14.689,1.698,10.17
7765.txt,29,653,1130,22.517,1.73,13.611
7769.txt,44,709,1180,16.114,1.664,10.333
7783.txt,53,965,1579,18.208,1.636,10.819
7797.txt,59,683,1033,11.576,1.512,6.772
7806.txt,54,769,1177,14.241,1.531,8.024
7815.txt,59,858,1358,14.542,1.583,8.758
7865.txt,45,342,503,7.6,1.471,4.729
7883.txt,72,1306,2219,18.139,1.699,11.533
7894.txt,33,681,1142,20.636,1.677,12.246
8009.txt,51,524,802,10.275,1.531,6.477
8010.txt,48,913,1569,19.021,1.719,12.107
8022.txt,22,441,711,20.045,1.612,11.252
8033.txt,56,883,1379,15.768,1.562,8.988
8036.txt,56,890,1508,15.893,1.694,10.602
8044.txt,58,769,1247,13.259,1.622,8.716
8046.txt,50,677,1066,13.54,1.575,8.271
8080.txt,40,342,489,8.55,1.43,4.616
8090.txt,46,795,1362,17.283,1.713,11.366
8110.txt,53,557,855,10.509,1.535,6.622
8129.txt,53,688,1100,12.981,1.599,8.339
8136.txt,39,399,552,10.231,1.383,4.725
8138.txt,43,743,1254,17.279,1.688,11.064
8155.txt,59,631,996,10.695,1.578,7.207
8156.txt,58,831,1349,14.328,1.623,9.153
8167.txt,47,723,1313,15.383,1.816,11.839
8180.txt,51,740,1225,14.51,1.655,9.603
8223.txt,57,711,1082,12.474,1.522,7.232
8225.txt,47,680,1177,14.468,1.731,10.477
8228.txt,42,725,1284,17.262,1.771,12.04
8229.txt,50,508,846,10.16,1.665,8.024
8243.txt,47,570,791,12.128,1.388,5.515
8244.txt,51,837,1265,16.412,1.511,8.645
8249.txt,43,795,1318,18.488,1.658,11.183
8269.txt,48,709,1152,14.771,1.625,9.344
8270.txt,75,1021,1500,13.613,1.469,7.055
8283.txt,45,419,624,9.311,1.489,5.615
8285.txt,26,515,880,19.808,1.709,12.298
8294.txt,52,683,1059,13.135,1.551,7.829
8298.txt,49,771,1237,15.735,1.604,9.479
8305.txt,53,901,1498,17.0,1.663,10.659
8316.txt,60,642,977,10.7,1.522,6.54
8353.txt,36,908,1516,25.222,1.67,13.948
8357.txt,79,801,1257,10.139,1.569,6.882
8381.txt,35,621,1079,17.743,1.738,11.832
8387.txt,61,902,1472,14.787,1.632,9.434
8397.txt,49,656,1024,13.388,1.561,8.051
8400.txt,74,1196,1785,16.162,1.492,8.324
8401.txt,101,1391,2054,13.772,1.477,7.205
8410.txt,51,480,759,9.412,1.581,6.739
8417.txt,54,937,1489,17.352,1.589,9.929
8423.txt,55,576,843,10.473,1.464,5.764
8458.txt,52,793,1249,15.25,1.575,8.943
8474.txt,47,664,1067,14.128,1.607,8.882
8476.txt,33,727,1221,22.03,1.68,12.82
8478.txt,39,749,1227,19.205,1.638,11.231
8480.txt,64,1176,2097,18.375,1.783,12.618
8483.txt,59,917,1577,15.542,1.72,10.764
8508.txt,55,558,856,10.145,1.534,6.469
8509.txt,60,783,1185,13.05,1.513,7.358
8521.txt,67,846,1380,12.627,1.631,8.583
8526.txt,50,970,1683,19.4,1.735,12.45
8554.txt,64,788,1157,12.312,1.468,6.538
8576.txt,68,1407,2361,20.691,1.678,12.28
8588.txt,52,574,868,11.038,1.512,6.559
8603.txt,44,465,725,10.568,1.559,6.929
8606.txt,53,562,861,10.604,1.532,6.623
8607.txt,49,886,1358,18.082,1.533,9.548
8612.txt,50,997,1623,19.94,1.628,11.396
8642.txt,48,413,628,8.604,1.521,5.708
8667.txt,55,547,898,9.945,1.642,7.661
8676.txt,41,362,513,8.829,1.417,4.576
8692.txt,58,704,1151,12.138,1.635,8.436
8694.txt,47,621,954,13.213,1.536,7.691
8709.txt,54,641,1092,11.87,1.704,9.142
8722.txt,55,863,1346,15.691,1.56,8.934
8736.txt,50,897,1450,17.94,1.616,10.481
8748.txt,59,852,1349,14.441,1.583,8.725
8772.txt,58,749,1188,12.914,1.586,8.163
8779.txt,63,968,1623,15.365,1.677,10.187
8847.txt,52,855,1389,16.442,1.625,9.992
8860.txt,52,642,1080,12.346,1.682,9.075
8867.txt,60,771,1214,12.85,1.575,8.002
8875.txt,67,813,1314,12.134,1.616,8.214
8886.txt,56,819,1225,14.625,1.496,7.763
8888.txt,65,671,1131,10.323,1.686,8.325
8892.txt,56,1173,1941,20.946,1.655,12.105
8893.txt,57,770,1295,13.509,1.682,9.524
8908.txt,79,1127,1734,14.266,1.539,8.129
8913.txt,59,706,1079,11.966,1.528,7.111
8918.txt,61,862,1430,14.131,1.659,9.497
8929.txt,42,382,589,9.095,1.542,6.151
8968.txt,57,729,1206,12.789,1.654,8.919
8979.txt,44,881,1515,20.023,1.72,12.511
9003.txt,53,573,834,10.811,1.455,5.801
9022.txt,42,490,724,11.667,1.478,6.395
9086.txt,34,504,822,14.824,1.631,9.436
9093.txt,50,792,1359,15.84,1.716,10.835
9101.txt,47,554,758,11.787,1.368,5.152
9107.txt,52,686,966,13.192,1.408,6.171
9113.txt,35,669,1267,19.114,1.894,14.212
9120.txt,39,616,989,15.795,1.606,9.515
9128.txt,60,604,883,10.067,1.462,5.587
9163.txt,41,495,707,12.073,1.428,5.972
9179.txt,28,549,951,19.607,1.732,12.497
9190.txt,48,866,1603,18.042,1.851,13.289
9195.txt,57,908,1475,15.93,1.624,9.791
9196.txt,58,747,1139,12.879,1.525,7.425
9198.txt,61,677,1151,11.098,1.7,8.8
9205.txt,46,419,611,9.109,1.458,5.17
9207.txt,39,480,734,12.308,1.529,7.254
9212.txt,82,1023,1579,12.476,1.543,7.489
9213.txt,47,901,1653,19.17,1.835,13.535
9227.txt,58,803,1301,13.845,1.62,8.928
9233.txt,72,1267,2010,17.597,1.586,9.993
9237.txt,56,860,1350,15.357,1.57,8.923
9262.txt,50,782,1351,15.64,1.728,10.896
9264.txt,93,1543,2507,16.591,1.625,10.053
9275.txt,55,970,1602,17.636,1.652,10.776
9316.txt,40,608,944,15.2,1.553,8.659
9337.txt,40,746,1212,18.65,1.625,10.855
9338.txt,95,1535,2633,16.158,1.715,10.952
9344.txt,33,595,994,18.03,1.671,11.155
9363.txt,63,759,1176,12.048,1.549,7.392
9374.txt,57,939,1489,16.474,1.586,9.546
9387.txt,38,618,1024,16.263,1.657,10.305
9401.txt,49,876,1513,17.878,1.727,11.763
9407.txt,58,765,1112,13.19,1.454,6.706
9443.txt,34,768,1306,22.588,1.701,13.286
9479.txt,59,994,1680,16.847,1.69,10.924
9488.txt,54,763,1148,14.13,1.505,7.675
9495.txt,49,686,1103,14.0,1.608,8.843
9499.txt,54,758,1186,14.037,1.565,8.347
9522.txt,57,873,1393,15.316,1.596,9.212
9562.txt,48,756,1096,15.75,1.45,7.659
9603.txt,34,604,1042,17.765,1.725,11.695
9719.txt,39,609,989,15.615,1.624,9.663
9727.txt,44,538,862,12.227,1.602,8.085
9738.txt,54,896,1377,16.593,1.537,9.016
9783.txt,52,771,1248,14.827,1.619,9.293
9794.txt,40,634,993,15.85,1.566,9.073
9817.txt,34,247,364,7.265,1.474,4.633
9825.txt,59,696,1026,11.797,1.474,6.406
9858.txt,26,569,1045,21.885,1.837,14.616
9914.txt,44,1012,1851,23.0,1.829,14.963
9947.txt,32,392,642,12.25,1.638,8.513
9982.txt,61,905,1382,14.836,1.527,8.216
9983.txt,55,599,839,10.891,1.401,5.185
9984.txt,56,780,1232,13.929,1.579,8.48
10035.txt,62,873,1352,14.081,1.549,8.176
10046.txt,70,791,1225,11.3,1.549,7.091
10064.txt,55,997,1693,18.127,1.698,11.517
10084.txt,32,607,1032,18.969,1.7,11.87
10095.txt,46,613,1014,13.326,1.654,9.126
10106.txt,67,971,1682,14.493,1.732,10.502
10110.txt,58,955,1593,16.466,1.668,10.515
10115.txt,50,1157,1951,23.14,1.686,13.332
10128.txt,43,689,1240,16.023,1.8,11.896
10136.txt,48,623,913,12.979,1.465,6.765
10143.txt,36,753,1220,20.917,1.62,11.686
10150.txt,52,748,1226,14.385,1.639,9.361
10175.txt,49,827,1439,16.878,1.74,11.525
10182.txt,60,865,1390,14.417,1.607,8.994
10183.txt,68,1457,2383,21.426,1.636,12.066
10192.txt,36,604,920,16.778,1.523,8.927
10194.txt,29,674,1193,23.241,1.77,14.36
10225.txt,87,1431,2638,16.448,1.843,12.578
10227.txt,125,1270,2045,10.16,1.61,7.373
10236.txt,50,930,1525,18.6,1.64,11.013
10246.txt,46,398,616,8.652,1.548,6.048
10266.txt,65,912,1464,14.031,1.605,8.824
10274.txt,57,878,1374,15.404,1.565,8.883
10287.txt,38,459,716,12.079,1.56,7.528
10296.txt,53,666,1054,12.566,1.583,7.985
10301.txt,38,720,1242,18.947,1.725,12.154
10308.txt,42,825,1390,19.643,1.685,11.952
10313.txt,56,848,1431,15.143,1.688,10.228
10314.txt,59,993,1721,16.831,1.733,11.425
10322.txt,59,978,1483,16.576,1.516,8.768
10343.txt,37,936,1672,25.297,1.786,15.355
10354.txt,48,417,647,8.688,1.552,6.107
10357.txt,56,643,1027,11.482,1.597,7.735
10392.txt,55,430,729,7.818,1.695,7.464
10407.txt,58,795,1398,13.707,1.758,10.506
10417.txt,60,590,886,9.833,1.502,5.965
10434.txt,50,850,1453,17.0,1.709,11.211
10437.txt,61,619,1002,10.148,1.619,7.469
10442.txt,44,892,1563,20.273,1.752,12.993
10472.txt,47,939,1693,19.979,1.803,13.477
10473.txt,54,523,828,9.685,1.583,6.869
10481.txt,33,308,473,9.333,1.536,6.171
10532.txt,47,737,1183,15.681,1.605,9.466
10545.txt,51,524,843,10.275,1.609,7.401
10548.txt,124,2280,4042,18.387,1.773,12.5
10571.txt,41,392,550,9.561,1.403,4.695
10596.txt,42,899,1562,21.405,1.737,13.26
10599.txt,68,969,1522,14.25,1.571,8.502
10620.txt,56,640,1030,11.429,1.609,7.858
10628.txt,33,529,930,16.03,1.758,11.407
10637.txt,46,414,592,9.0,1.43,4.793
10639.txt,41,331,466,8.073,1.408,4.171
10642.txt,39,722,1144,18.513,1.584,10.327
10649.txt,49,473,696,9.653,1.471,5.538
10694.txt,39,620,934,15.897,1.506,8.386
10721.txt,50,719,1154,14.38,1.605,8.957
10753.txt,48,719,1216,14.979,1.691,10.208
10755.txt,28,564,1005,20.143,1.782,13.292
10756.txt,33,479,799,14.515,1.668,9.754
10766.txt,42,449,695,10.69,1.548,6.844
10769.txt,27,660,1158,24.444,1.755,14.647
10787.txt,64,897,1462,14.016,1.63,9.109
10789.txt,61,957,1582,15.689,1.653,10.035
10801.txt,65,1542,2314,23.723,1.501,11.37
10808.txt,42,837,1373,19.929,1.64,11.539
10811.txt,49,655,1026,13.367,1.566,8.107
10813.txt,22,456,758,20.727,1.662,12.109
10827.txt,50,767,1094,15.34,1.426,7.223
10853.txt,48,731,1141,15.229,1.561,8.768
10858.txt,51,833,1408,16.333,1.69,10.725
10882.txt,52,648,967,12.462,1.492,6.879
10888.txt,44,802,1259,18.227,1.57,10.043
10891.txt,46,523,799,11.37,1.528,6.871
10917.txt,41,417,632,10.171,1.516,6.261
10933.txt,43,384,609,8.93,1.586,6.607
10956.txt,56,1141,1971,20.375,1.727,12.74
10957.txt,61,801,1361,13.131,1.699,9.581
10962.txt,28,455,777,16.25,1.708,10.898
10991.txt,49,760,1198,15.51,1.576,9.06
11002.txt,47,445,674,9.468,1.515,5.975
11064.txt,55,645,979,11.727,1.518,6.894
11076.txt,47,661,1011,14.064,1.53,7.943
11085.txt,50,914,1618,18.28,1.77,12.428
11094.txt,57,703,984,12.333,1.4,5.737
11095.txt,62,596,817,9.613,1.371,4.335
11106.txt,75,714,1147,9.52,1.606,7.079
11124.txt,31,726,1209,23.419,1.665,13.194
11129.txt,44,824,1287,18.727,1.562,10.144
11133.txt,48,780,1224,16.25,1.569,9.264
11158.txt,70,854,1352,12.2,1.583,7.849
11170.txt,53,678,1124,12.792,1.658,8.961
11180.txt,53,874,1531,16.491,1.752,11.512
11211.txt,27,265,366,9.815,1.381,4.535
11240.txt,47,879,1408,18.702,1.602,10.605
11241.txt,47,610,912,12.979,1.495,7.114
11253.txt,15,449,795,29.933,1.771,16.977
11304.txt,98,1323,2363,13.5,1.786,10.751
11320.txt,38,787,1284,20.711,1.632,11.739
11322.txt,48,816,1318,17.0,1.615,10.099
11373.txt,70,969,1670,13.843,1.723,10.145
11382.txt,69,761,1105,11.029,1.452,5.845
11407.txt,51,909,1531,17.824,1.684,11.236
11408.txt,57,625,908,10.965,1.453,5.829
11427.txt,60,572,932,9.533,1.629,7.355
11434.txt,50,351,465,7.02,1.325,2.78
11441.txt,36,580,1009,16.111,1.74,11.221
11444.txt,27,503,918,18.63,1.825,13.211
11459.txt,53,809,1281,15.264,1.583,9.048
11460.txt,44,825,1295,18.75,1.57,10.245
11467.txt,48,890,1465,18.542,1.646,11.065
11470.txt,52,936,1533,18.0,1.638,10.756
11476.txt,48,619,1003,12.896,1.62,8.56
11497.txt,38,671,1106,17.658,1.648,10.746
11502.txt,73,1089,1776,14.918,1.631,9.472
11529.txt,50,646,1029,12.92,1.593,8.245
11534.txt,54,757,1142,14.019,1.509,7.679
11558.txt,66,741,1186,11.227,1.601,7.675
11564.txt,58,1145,1880,19.741,1.642,11.484
11576.txt,58,870,1583,15.0,1.82,11.731
11591.txt,49,851,1506,17.367,1.77,12.066
11592.txt,56,533,831,9.518,1.559,6.519
11600.txt,56,956,1582,17.071,1.655,10.595
11609.txt,24,439,722,18.292,1.645,10.951
11622.txt,51,646,995,12.667,1.54,7.525
11663.txt,40,655,1028,16.375,1.569,9.316
11664.txt,44,673,1065,15.295,1.582,9.048
11665.txt,40,320,435,8.0,1.359,3.571
11669.txt,69,666,1131,9.652,1.698,8.213
11672.txt,64,731,1274,11.422,1.743,9.43
11679.txt,38,286,381,7.526,1.332,3.065
11695.txt,50,595,892,11.9,1.499,6.741
11701.txt,56,934,1449,16.679,1.551,9.221
11717.txt,55,911,1537,16.564,1.687,10.778
11758.txt,62,906,1408,14.613,1.554,8.447
11793.txt,66,893,1530,13.53,1.713,9.904
11803.txt,48,952,1463,19.833,1.537,10.279
11806.txt,46,905,1500,19.674,1.657,11.641
11849.txt,48,697,1114,14.521,1.598,8.933
11852.txt,54,983,1602,18.204,1.63,10.74
11861.txt,49,637,1046,13.0,1.642,8.856
11863.txt,47,507,780,10.787,1.538,6.771
11867.txt,42,502,806,11.952,1.606,8.017
11868.txt,25,567,980,22.68,1.728,13.65
11878.txt,50,968,1575,19.36,1.627,11.16
11879.txt,47,404,525,8.596,1.3,3.096
11886.txt,65,631,940,9.708,1.49,5.774
11890.txt,50,599,837,11.98,1.397,5.571
11891.txt,53,828,1233,15.623,1.489,8.075
11896.txt,53,720,1176,13.585,1.633,8.981
11898.txt,45,725,1212,16.111,1.672,10.42
11909.txt,65,906,1447,13.938,1.597,8.692
11936.txt,48,941,1443,19.604,1.533,10.151
11953.txt,31,590,1019,19.032,1.727,12.213
11960.txt,54,713,1277,13.204,1.791,10.694
11990.txt,55,933,1493,16.964,1.6,9.908
12006.txt,57,905,1631,15.877,1.802,11.868
12030.txt,27,253,398,9.37,1.573,6.627
12035.txt,63,640,1050,10.159,1.641,7.731
12062.txt,62,877,1450,14.145,1.653,9.436
12075.txt,57,842,1468,14.772,1.743,10.744
12158.txt,50,799,1347,15.98,1.686,10.535
12172.txt,59,1052,1629,17.831,1.548,9.636
12175.txt,52,849,1451,16.327,1.709,10.945
12199.txt,105,1711,2655,16.295,1.552,9.075
12200.txt,50,847,1308,16.94,1.544,9.239
12211.txt,40,326,493,8.15,1.512,5.433
12245.txt,53,718,1132,13.547,1.577,8.297
12283.txt,53,675,942,12.736,1.396,5.845
12298.txt,60,962,1570,16.033,1.632,9.921
12307.txt,48,564,940,11.75,1.667,8.659
12342.txt,51,595,863,11.667,1.45,6.075
12367.txt,49,763,1238,15.571,1.623,9.629
12376.txt,53,735,1167,13.868,1.588,8.554
12381.txt,81,899,1573,11.099,1.75,9.385
12385.txt,46,747,1214,16.239,1.625,9.92
12416.txt,46,638,1048,13.87,1.643,9.202
12427.txt,60,864,1377,14.4,1.594,8.832
12437.txt,37,311,460,8.405,1.479,5.141
12444.txt,75,1372,2371,18.293,1.728,11.936
12491.txt,57,597,947,10.474,1.586,7.213
12501.txt,37,688,1203,18.595,1.749,12.295
12532.txt,52,594,932,11.423,1.569,7.379
12548.txt,55,898,1465,16.327,1.631,10.028
12553.txt,49,412,641,8.408,1.556,6.048
12554.txt,43,819,1452,19.047,1.773,12.758
12570.txt,81,847,1442,10.457,1.702,8.577
12573.txt,57,664,1046,11.649,1.575,7.542
12574.txt,49,722,1170,14.735,1.62,9.278
12577.txt,60,786,1450,13.1,1.845,11.287
12593.txt,40,471,780,11.775,1.656,8.544
12604.txt,74,873,1415,11.797,1.621,8.137
12618.txt,38,357,524,9.395,1.468,5.394
12668.txt,50,672,1109,13.44,1.65,9.125
12685.txt,73,910,1543,12.466,1.696,9.28
12701.txt,55,634,987,11.527,1.557,7.276
12730.txt,51,420,650,8.235,1.548,5.884
12762.txt,51,416,690,8.157,1.659,7.163
12767.txt,67,881,1386,13.149,1.573,8.102
12790.txt,46,624,863,13.565,1.383,6.02
12802.txt,57,1137,1811,19.947,1.593,10.984
12806.txt,52,769,1204,14.788,1.566,8.652
12821.txt,53,732,1150,13.811,1.571,8.335
12844.txt,47,668,1142,14.213,1.71,10.126
12852.txt,47,704,1155,14.979,1.641,9.611
12856.txt,46,315,467,6.848,1.483,4.575
12866.txt,44,565,839,12.841,1.485,6.94
12871.txt,66,1199,1945,18.167,1.622,10.637
12885.txt,58,662,1152,11.414,1.74,9.396
12901.txt,53,846,1338,15.962,1.582,9.298
12907.txt,43,605,934,14.07,1.544,8.114
12911.txt,52,560,787,10.769,1.405,5.193
12916.txt,57,570,879,10.0,1.542,6.507
12925.txt,52,905,1440,17.404,1.591,9.973
12940.txt,51,714,1066,14.0,1.493,7.487
12959.txt,40,335,549,8.375,1.639,7.014
12962.txt,65,827,1445,12.723,1.747,9.99
12966.txt,70,619,1010,8.843,1.632,7.112
12973.txt,56,818,1419,14.607,1.735,10.576
12974.txt,58,661,1106,11.397,1.673,8.599
12988.txt,57,659,958,11.561,1.454,6.073
13002.txt,27,510,840,18.889,1.647,11.212
13013.txt,51,810,1314,15.882,1.622,9.746
13025.txt,55,555,833,10.091,1.501,6.056
13068.txt,48,893,1437,18.604,1.609,10.654
13069.txt,45,728,1169,16.178,1.606,9.667
13086.txt,61,902,1493,14.787,1.655,9.708
13089.txt,47,820,1376,17.447,1.678,11.015
13108.txt,54,722,1231,13.37,1.705,9.743
13140.txt,22,257,427,11.682,1.661,8.571
13163.txt,51,746,1160,14.627,1.555,8.463
13194.txt,62,873,1653,14.081,1.893,12.244
13206.txt,40,339,544,8.475,1.605,6.651
13217.txt,69,761,1232,11.029,1.619,7.815
13260.txt,50,892,1527,17.84,1.712,11.568
13263.txt,52,727,1137,13.981,1.564,8.317
13265.txt,52,953,1468,18.327,1.54,9.734
13274.txt,72,682,1037,9.472,1.521,6.046
13278.txt,36,312,443,8.667,1.42,4.544
13309.txt,37,375,608,10.135,1.621,7.494
13338.txt,53,533,821,10.057,1.54,6.508
13346.txt,40,582,968,14.55,1.663,9.711
13347.txt,53,570,860,10.755,1.509,6.408
13369.txt,65,724,1118,11.138,1.544,6.976
13384.txt,65,1003,1742,15.431,1.737,10.922
13406.txt,39,697,1200,17.872,1.722,11.696
13411.txt,49,551,849,11.245,1.541,6.977
13464.txt,41,378,527,9.22,1.394,4.457
13475.txt,39,812,1461,20.821,1.799,13.761
13525.txt,62,630,1042,10.161,1.654,7.89
13528.txt,51,954,1598,18.706,1.675,11.471
13536.txt,56,650,928,11.607,1.428,5.784
13549.txt,66,771,1197,11.682,1.553,7.286
13555.txt,41,341,511,8.317,1.499,5.336
13560.txt,46,423,671,9.196,1.586,6.715
13562.txt,119,1608,2569,13.513,1.598,8.532
13591.txt,57,912,1398,16.0,1.533,8.738
13599.txt,55,658,1097,11.964,1.667,8.748
13604.txt,42,383,598,9.119,1.561,6.39
13626.txt,31,567,1025,18.29,1.808,12.875
13629.txt,57,857,1531,15.035,1.786,11.354
13637.txt,65,803,1209,12.354,1.506,6.994
13642.txt,40,849,1418,21.225,1.67,12.396
13662.txt,57,1016,1591,17.825,1.566,9.84
13664.txt,53,822,1235,15.509,1.502,8.187
13665.txt,49,617,900,12.592,1.459,6.533
13674.txt,59,956,1599,16.203,1.673,10.466
13688.txt,32,373,550,11.656,1.475,6.355
13707.txt,24,441,721,18.375,1.635,10.868
13715.txt,55,581,840,10.564,1.446,5.59
13730.txt,43,413,605,9.605,1.465,5.442
13741.txt,54,835,1428,15.463,1.71,10.621
13754.txt,45,426,598,9.467,1.404,4.666
13761.txt,45,503,809,11.178,1.608,7.748
13782.txt,72,1161,1876,16.125,1.616,9.766
13804.txt,55,684,1121,12.436,1.639,8.599
13813.txt,57,880,1423,15.439,1.617,9.512
13815.txt,41,666,1114,16.244,1.673,10.483
13896.txt,40,777,1373,19.425,1.767,12.837
13901.txt,51,774,1289,15.176,1.665,9.98
13904.txt,55,704,1141,12.8,1.621,8.527
13905.txt,51,869,1491,17.039,1.716,11.301
13917.txt,48,642,1038,13.375,1.617,8.705
13920.txt,47,963,1647,20.489,1.71,12.582
13927.txt,33,435,700,13.182,1.609,8.539
13935.txt,60,1008,1615,16.8,1.602,9.868
13936.txt,67,800,1224,11.94,1.53,7.121
13971.txt,72,1032,1757,14.333,1.703,10.09
13974.txt,59,647,1045,10.966,1.615,7.746
13987.txt,72,1011,1707,14.042,1.688,9.81
13998.txt,49,876,1490,17.878,1.701,11.453
14010.txt,37,659,1153,17.811,1.75,12.002
14043.txt,53,826,1215,15.585,1.471,7.845
14046.txt,43,445,676,10.349,1.519,6.371
14057.txt,52,924,1405,17.769,1.521,9.283
14088.txt,54,604,916,11.185,1.517,6.668
14098.txt,44,376,531,8.545,1.412,4.407
14101.txt,49,827,1259,16.878,1.522,8.956
14170.txt,81,826,1300,10.198,1.574,6.958
14186.txt,66,850,1401,12.879,1.648,8.882
14194.txt,49,703,1167,14.347,1.66,9.594
14199.txt,102,1781,2662,17.461,1.495,8.857
14221.txt,46,504,752,10.957,1.492,6.289
14245.txt,46,858,1317,18.652,1.535,9.797
14250.txt,57,940,1564,16.491,1.664,10.475
14260.txt,55,915,1639,16.636,1.791,12.035
14261.txt,63,850,1444,13.492,1.699,9.718
14292.txt,37,943,1572,25.486,1.667,14.021
14311.txt,44,416,603,9.455,1.45,5.202
14316.txt,46,750,1286,16.304,1.715,11.002
14328.txt,54,964,1662,17.852,1.724,11.716
14335.txt,69,822,1341,11.913,1.631,8.306
14347.txt,40,560,876,14.0,1.564,8.329
14380.txt,50,425,590,8.5,1.388,4.106
14383.txt,47,626,1048,13.319,1.674,9.359
14386.txt,40,653,1126,16.325,1.724,11.124
14393.txt,54,788,1418,14.593,1.799,11.335
14414.txt,51,799,1329,15.667,1.663,10.147
14424.txt,40,704,1129,17.6,1.604,10.198
14429.txt,52,968,1497,18.615,1.546,9.919
14448.txt,37,310,513,8.378,1.655,7.205
14452.txt,72,754,1148,10.472,1.523,6.46
14455.txt,118,1350,2214,11.441,1.64,8.224
14477.txt,41,378,535,9.22,1.415,4.707
14493.txt,52,862,1437,16.577,1.667,10.546
14499.txt,38,753,1297,19.816,1.722,12.463
14505.txt,63,681,1014,10.81,1.489,6.196
14526.txt,57,919,1447,16.123,1.575,9.277
14567.txt,46,957,1693,20.804,1.769,13.399
